{
  "project_info": {
    "project_number": "228261631229",
    "firebase_url": "https://myapplication-cfd56.firebaseio.com",
    "project_id": "myapplication-cfd56",
    "storage_bucket": "myapplication-cfd56.appspot.com"
  },
  "client": [
    {
      "client_info": {
        "mobilesdk_app_id": "1:228261631229:android:d9cfff41399d58af",
        "android_client_info": {
          "package_name": "com.example.zaingillani.myapplication"
        }
      },
      "oauth_client": [
        {
          "client_id": "228261631229-kmgahhseo77fslnb02fb8asaa0jtmukn.apps.googleusercontent.com",
          "client_type": 3
        }
      ],
      "api_key": [
        {
          "current_key": "AIzaSyB-iF3TYdSLcC6PiQ3Nm68WhAp2dbWaEn0"
        }
      ],
      "services": {
        "analytics_service": {
          "status": 1
        },
        "appinvite_service": {
          "status": 1,
          "other_platform_oauth_client": []
        },
        "ads_service": {
          "status": 2
        }
      }
    }
  ],
  "configuration_version": "1"
}